{
  "BUENOS AIRES": [
    {
      "Nombre": "Galuss S.A.",
      "Dirección": "Av. 44 1823, B1900 La Plata, Provincia de Buenos Aires",
      "Localidad": "La Plata",
      "Teléfono": "+54 221 636-4000",
      "Link directo a Google Maps": "https://www.google.com/maps/search/?api=1&query=Av.+44+1823%2C+B1900+La+Plata%2C+Provincia+de+Buenos+Aires"
    },
    {
      "Nombre": "Megalight",
      "Dirección": "Av. 32 1216, B1900 La Plata, Provincia de Buenos Aires",
      "Localidad": "La Plata",
      "Teléfono": "+54 221 612-4452",
      "Link directo a Google Maps": "https://www.google.com/maps/search/?api=1&query=Av.+32+1216%2C+B1900+La+Plata%2C+Provincia+de+Buenos+Aires"
    },
    {
      "Nombre": "Casa Gabiluz",
      "Dirección": "C. 50 774, B1900 La Plata, Provincia de Buenos Aires",
      "Localidad": "La Plata",
      "Teléfono": "+54 221 424-8925",
      "Link directo a Google Maps": "https://www.google.com/maps/search/?api=1&query=C.+50+774%2C+B1900+La+Plata%2C+Provincia+de+Buenos+Aires"
    },
    {
      "Nombre": "R&H Iluminacion",
      "Dirección": "17 nº 519, Diag. 76 esq, B1900 La Plata, Provincia de Buenos Aires",
      "Localidad": "La Plata",
      "Teléfono": "+54 221 422-3934",
      "Link directo a Google Maps": "https://www.google.com/maps/search/?api=1&query=17+n%C2%BA+519%2C+Diag.+76+esq%2C+B1900+La+Plata%2C+Provincia+de+Buenos+Aires"
    },
    {
      "Nombre": "Nova Luce",
      "Dirección": "C. 12 1445, B1900 La Plata, Provincia de Buenos Aires",
      "Localidad": "La Plata",
      "Teléfono": "+54 221 452-5314",
      "Link directo a Google Maps": "https://www.google.com/maps/search/?api=1&query=C.+12+1445%2C+B1900+La+Plata%2C+Provincia+de+Buenos+Aires"
    },
    {
      "Nombre": "Alejandro Lo Grasso",
      "Dirección": "C 14 662, B1906 La Plata, Provincia de Buenos Aires",
      "Localidad": "La Plata",
      "Teléfono": "+54 221 541-4736",
      "Link directo a Google Maps": "https://www.google.com/maps/search/?api=1&query=C+14+662%2C+B1906+La+Plata%2C+Provincia+de+Buenos+Aires"
    },
    {
      "Nombre": "Electricidad Junin",
      "Dirección": "Primera Junta & Gandini, B6022 Junín, Provincia de Buenos Aires",
      "Localidad": "Junín",
      "Teléfono": "+54 236 442-5033",
      "Link directo a Google Maps": "https://www.google.com/maps/search/?api=1&query=Primera+Junta+%26+Gandini%2C+B6022+Jun%C3%ADn%2C+Provincia+de+Buenos+Aires"
    },
    {
      "Nombre": "Casa Braghi",
      "Dirección": "25 de Mayo 925, B6720AKW Gran Buenos Aires, Provincia de Buenos Aires",
      "Localidad": "Junin",
      "Teléfono": "+54 2325 44-2285",
      "Link directo a Google Maps": "https://www.google.com/maps/search/?api=1&query=25+de+Mayo+925%2C+B6720AKW+Gran+Buenos+Aires%2C+Provincia+de+Buenos+Aires"
    },
    {
      "Nombre": "Tecnoluz Iluminación & Decoración",
      "Dirección": "CHB, Bartolomé Mitre 74 8000, B8000 Bahía Blanca, Provincia de Buenos Aires",
      "Localidad": "Bahía Blanca",
      "Teléfono": "+54 291 451-5801",
      "Link directo a Google Maps": "https://www.google.com/maps/search/?api=1&query=CHB%2C+Bartolom%C3%A9+Mitre+74+8000%2C+B8000+Bah%C3%ADa+Blanca%2C+Provincia+de+Buenos+Aires"
    },
    {
      "Nombre": "LDR ILUMINACIONES",
      "Dirección": "Donado 327, B8000IYG Bahía Blanca, Provincia de Buenos Aires",
      "Localidad": " Bahía Blanca",
      "Teléfono": "+54 291 451-1664",
      "Link directo a Google Maps": "https://www.google.com/maps/search/?api=1&query=Donado+327%2C+B8000IYG+Bah%C3%ADa+Blanca%2C+Provincia+de+Buenos+Aires"
    },
    {
      "Nombre": "Silher Iluminación",
      "Dirección": "Av. Calchaquí 3053, B1878 Quilmes, Provincia de Buenos Aires",
      "Localidad": "Quilmes",
      "Teléfono": "+54 11 4250-6143",
      "Link directo a Google Maps": "https://maps.app.goo.gl/EKnoSdoD6jZNvCKL7"
    }
  ],
  "CABA": [
    {
      "Nombre": "Mid Light",
      "Dirección": "Paraná 247, C1017AAE Cdad. Autónoma de Buenos Aires",
      "Localidad": "CABA",
      "Teléfono": "+54 11 4371-9479",
      "Link directo a Google Maps": "https://www.google.com/maps/search/?api=1&query=Paran%C3%A1+247%2C+C1017AAE+Cdad.+Aut%C3%B3noma+de+Buenos+Aires"
    },
    {
      "Nombre": "Arean Materiales Eléctricos",
      "Dirección": "Paraná 360, C1017AAH Cdad. Autónoma de Buenos Aires",
      "Localidad": "CABA",
      "Teléfono": "+54 11 4374-3444",
      "Link directo a Google Maps": "https://www.google.com/maps/search/?api=1&query=Paran%C3%A1+360%2C+C1017AAH+Cdad.+Aut%C3%B3noma+de+Buenos+Aires"
    },
    {
      "Nombre": "Teclastar",
      "Dirección": "Paraná 201, C1037 Cdad. Autónoma de Buenos Aires",
      "Localidad": "CABA",
      "Teléfono": "+54 11 4375-5564",
      "Link directo a Google Maps": "https://www.google.com/maps/search/?api=1&query=Paran%C3%A1+201%2C+C1037+Cdad.+Aut%C3%B3noma+de+Buenos+Aires"
    },
    {
      "Nombre": "Rago",
      "Dirección": "Juncal 1259, C1062ABM Cdad. Autónoma de Buenos Aires",
      "Localidad": "CABA",
      "Teléfono": "+54 11 4811-0342",
      "Link directo a Google Maps": "https://www.google.com/maps/search/?api=1&query=Juncal+1259%2C+C1062ABM+Cdad.+Aut%C3%B3noma+de+Buenos+Aires"
    },
    {
      "Nombre": "Matelec",
      "Dirección": "Tacuarí 259, C1071AAE Cdad. Autónoma de Buenos Aires",
      "Localidad": "CABA",
      "Teléfono": 0,
      "Link directo a Google Maps": "https://www.google.com/maps/search/?api=1&query=Tacuar%C3%AD+259%2C+C1071AAE+Cdad.+Aut%C3%B3noma+de+Buenos+Aires"
    },
    {
      "Nombre": "Star Iluminación",
      "Dirección": "Av. Estado de Israel 4421, C1185 Cdad. Autónoma de Buenos Aires",
      "Localidad": "CABA",
      "Teléfono": "+54 11 4863-0707",
      "Link directo a Google Maps": "https://www.google.com/maps/search/?api=1&query=Av.+Estado+de+Israel+4421%2C+C1185+Cdad.+Aut%C3%B3noma+de+Buenos+Aires"
    },
    {
      "Nombre": "Star Iluminación",
      "Dirección": "Av. Estado de Israel 4421, C1185 Cdad. Autónoma de Buenos Aires",
      "Localidad": "CABA",
      "Teléfono": "+54 11 4863-0707",
      "Link directo a Google Maps": "https://www.google.com/maps/search/?api=1&query=Av.+Estado+de+Israel+4421%2C+C1185+Cdad.+Aut%C3%B3noma+de+Buenos+Aires"
    },
    {
      "Nombre": "Pana Iluminación",
      "Dirección": "Av. Boyacá 372, C1406 Cdad. Autónoma de Buenos Aires",
      "Localidad": "CABA",
      "Teléfono": "+54 11 4631-1758",
      "Link directo a Google Maps": "https://www.google.com/maps/search/?api=1&query=Av.+Boyac%C3%A1+372%2C+C1406+Cdad.+Aut%C3%B3noma+de+Buenos+Aires"
    },
    {
      "Nombre": "Artyluz",
      "Dirección": "Av. Juan Bautista Alberdi 3694, C1407GZQ Cdad. Autónoma de Buenos Aires",
      "Localidad": "CABA",
      "Teléfono": "+54 11 4636-2588",
      "Link directo a Google Maps": "https://www.google.com/maps/search/?api=1&query=Av.+Juan+Bautista+Alberdi+3694%2C+C1407GZQ+Cdad.+Aut%C3%B3noma+de+Buenos+Aires"
    },
    {
      "Nombre": "Luminaires",
      "Dirección": "Av. Larrazábal 943, C1408 Cdad. Autónoma de Buenos Aires",
      "Localidad": "CABA",
      "Teléfono": 0,
      "Link directo a Google Maps": "https://www.google.com/maps/search/?api=1&query=Av.+Larraz%C3%A1bal+943%2C+C1408+Cdad.+Aut%C3%B3noma+de+Buenos+Aires"
    },
    {
      "Nombre": "Kailux Iluminación",
      "Dirección": "Acassuso 5853, C1408FDO Cdad. Autónoma de Buenos Aires",
      "Localidad": "CABA",
      "Teléfono": 0,
      "Link directo a Google Maps": "https://www.google.com/maps/search/?api=1&query=Acassuso+5853%2C+C1408FDO+Cdad.+Aut%C3%B3noma+de+Buenos+Aires"
    },
    {
      "Nombre": "Iluminación Agüero",
      "Dirección": "Armenia 1946, C1414 Cdad. Autónoma de Buenos Aires",
      "Localidad": "CABA",
      "Teléfono": "+54 11 4511-5100",
      "Link directo a Google Maps": "https://www.google.com/maps/search/?api=1&query=Armenia+1946%2C+C1414+Cdad.+Aut%C3%B3noma+de+Buenos+Aires"
    },
    {
      "Nombre": "Lummina",
      "Dirección": "Av. Corrientes 5060, C1414 Cdad. Autónoma de Buenos Aires",
      "Localidad": "CABA",
      "Teléfono": "+54 11 4854-8672",
      "Link directo a Google Maps": "https://www.google.com/maps/search/?api=1&query=Av.+Corrientes+5060%2C+C1414+Cdad.+Aut%C3%B3noma+de+Buenos+Aires"
    },
    {
      "Nombre": "ESPACIO iluminación",
      "Dirección": "Costa Rica 5607, C1414 Cdad. Autónoma de Buenos Aires",
      "Localidad": "CABA",
      "Teléfono": "+54 11 4518-4566",
      "Link directo a Google Maps": "https://www.google.com/maps/search/?api=1&query=Costa+Rica+5607%2C+C1414+Cdad.+Aut%C3%B3noma+de+Buenos+Aires"
    },
    {
      "Nombre": "G2 Iluminacion Profesional",
      "Dirección": "Humboldt 1530, C1414 Cdad. Autónoma de Buenos Aires",
      "Localidad": "CABA",
      "Teléfono": 0,
      "Link directo a Google Maps": "https://www.google.com/maps/search/?api=1&query=Humboldt+1530%2C+C1414+Cdad.+Aut%C3%B3noma+de+Buenos+Aires"
    },
    {
      "Nombre": "G2 Iluminacion Profesional",
      "Dirección": "Humboldt 1530, C1414 Cdad. Autónoma de Buenos Aires",
      "Localidad": "CABA",
      "Teléfono": 0,
      "Link directo a Google Maps": "https://www.google.com/maps/search/?api=1&query=Humboldt+1530%2C+C1414+Cdad.+Aut%C3%B3noma+de+Buenos+Aires"
    },
    {
      "Nombre": "Buenaluz.com",
      "Dirección": "Jufré 100, C1414 Cdad. Autónoma de Buenos Aires",
      "Localidad": "CABA",
      "Teléfono": "+54 11 2706-6882",
      "Link directo a Google Maps": "https://www.google.com/maps/search/?api=1&query=Jufr%C3%A9+100%2C+C1414+Cdad.+Aut%C3%B3noma+de+Buenos+Aires"
    },
    {
      "Nombre": "Buenaluz.com",
      "Dirección": "Jufré 100, C1414 Cdad. Autónoma de Buenos Aires",
      "Localidad": "CABA",
      "Teléfono": "+54 11 2706-6882",
      "Link directo a Google Maps": "https://www.google.com/maps/search/?api=1&query=Jufr%C3%A9+100%2C+C1414+Cdad.+Aut%C3%B3noma+de+Buenos+Aires"
    },
    {
      "Nombre": "Iluminacion Cordoba",
      "Dirección": "Av. Córdoba 5219, C1414BAK Cdad. Autónoma de Buenos Aires",
      "Localidad": "CABA",
      "Teléfono": 0,
      "Link directo a Google Maps": "https://www.google.com/maps/search/?api=1&query=Av.+C%C3%B3rdoba+5219%2C+C1414BAK+Cdad.+Aut%C3%B3noma+de+Buenos+Aires"
    },
    {
      "Nombre": "DIMM Iluminación.",
      "Dirección": "Gorriti 5663, C1414BKE Cdad. Autónoma de Buenos Aires",
      "Localidad": "CABA",
      "Teléfono": "+54 11 4775-3198",
      "Link directo a Google Maps": "https://www.google.com/maps/search/?api=1&query=Gorriti+5663%2C+C1414BKE+Cdad.+Aut%C3%B3noma+de+Buenos+Aires"
    },
    {
      "Nombre": "Artyluz",
      "Dirección": "Av. Raúl Scalabrini Ortiz 501, C1414DNF Cdad. Autónoma de Buenos Aires",
      "Localidad": "CABA",
      "Teléfono": "+54 11 4858-0770",
      "Link directo a Google Maps": "https://www.google.com/maps/search/?api=1&query=Av.+Ra%C3%BAl+Scalabrini+Ortiz+501%2C+C1414DNF+Cdad.+Aut%C3%B3noma+de+Buenos+Aires"
    },
    {
      "Nombre": "Artyluz",
      "Dirección": "Av. Raúl Scalabrini Ortiz 501, C1414DNF Cdad. Autónoma de Buenos Aires",
      "Localidad": "CABA",
      "Teléfono": "+54 11 4858-0770",
      "Link directo a Google Maps": "https://www.google.com/maps/search/?api=1&query=Av.+Ra%C3%BAl+Scalabrini+Ortiz+501%2C+C1414DNF+Cdad.+Aut%C3%B3noma+de+Buenos+Aires"
    },
    {
      "Nombre": "Luz Desing Paternal",
      "Dirección": "Av. S. Martín 2801, C1416CSD Cdad. Autónoma de Buenos Aires",
      "Localidad": "CABA",
      "Teléfono": "+54 11 6501-8793",
      "Link directo a Google Maps": "https://www.google.com/maps/search/?api=1&query=Av.+S.+Mart%C3%ADn+2801%2C+C1416CSD+Cdad.+Aut%C3%B3noma+de+Buenos+Aires"
    },
    {
      "Nombre": "RGB Lighting Systems S.A.",
      "Dirección": "Camarones 1562, C1416ECD Cdad. Autónoma de Buenos Aires",
      "Localidad": "CABA",
      "Teléfono": "+54 11 4581-0044",
      "Link directo a Google Maps": "https://www.google.com/maps/search/?api=1&query=Camarones+1562%2C+C1416ECD+Cdad.+Aut%C3%B3noma+de+Buenos+Aires"
    },
    {
      "Nombre": "Luz & Forma",
      "Dirección": "Av. Raúl Scalabrini Ortiz 2289, C1425 Cdad. Autónoma de Buenos Aires",
      "Localidad": "CABA",
      "Teléfono": "+54 11 4831-0193",
      "Link directo a Google Maps": "https://www.google.com/maps/search/?api=1&query=Av.+Ra%C3%BAl+Scalabrini+Ortiz+2289%2C+C1425+Cdad.+Aut%C3%B3noma+de+Buenos+Aires"
    },
    {
      "Nombre": "Aller Iluminación ®",
      "Dirección": "Av. Federico Lacroze 2827, C1426CQB Cdad. Autónoma de Buenos Aires",
      "Localidad": "CABA",
      "Teléfono": "+54 11 4163-1890",
      "Link directo a Google Maps": "https://www.google.com/maps/search/?api=1&query=Av.+Federico+Lacroze+2827%2C+C1426CQB+Cdad.+Aut%C3%B3noma+de+Buenos+Aires"
    },
    {
      "Nombre": "Darko Lighting Argentina",
      "Dirección": "Manuel Ugarte 2833, C1428BSS Cdad. Autónoma de Buenos Aires",
      "Localidad": "CABA",
      "Teléfono": "+54 11 4788-5708",
      "Link directo a Google Maps": "https://www.google.com/maps/search/?api=1&query=Manuel+Ugarte+2833%2C+C1428BSS+Cdad.+Aut%C3%B3noma+de+Buenos+Aires"
    },
    {
      "Nombre": "All-light Soluciones con respaldo",
      "Dirección": "Mendoza 4261, C1430 Cdad. Autónoma de Buenos Aires",
      "Localidad": "CABA",
      "Teléfono": "+54 11 5368-8060",
      "Link directo a Google Maps": "https://www.google.com/maps/search/?api=1&query=Mendoza+4261%2C+C1430+Cdad.+Aut%C3%B3noma+de+Buenos+Aires"
    },
    {
      "Nombre": "Iluminación Garazi",
      "Dirección": "Azcuénaga 415, Tucumán 2624, C1029 AAI, Cdad. Autónoma de Buenos Aires",
      "Localidad": "CABA",
      "Teléfono": "+54 11 4951-5415",
      "Link directo a Google Maps": "https://www.google.com/maps/search/?api=1&query=Azcu%C3%A9naga+415%2C+Tucum%C3%A1n+2624%2C+C1029+AAI%2C+Cdad.+Aut%C3%B3noma+de+Buenos+Aires"
    },
    {
      "Nombre": "Iluminación Garazi",
      "Dirección": "Azcuénaga 415, Tucumán 2624, C1029 AAI, Cdad. Autónoma de Buenos Aires",
      "Localidad": "CABA",
      "Teléfono": "+54 11 4951-5415",
      "Link directo a Google Maps": "https://www.google.com/maps/search/?api=1&query=Azcu%C3%A9naga+415%2C+Tucum%C3%A1n+2624%2C+C1029+AAI%2C+Cdad.+Aut%C3%B3noma+de+Buenos+Aires"
    },
    {
      "Nombre": "Luz Desing Almagro",
      "Dirección": "Gascón 226, C1181 ACD, Cdad. Autónoma de Buenos Aires",
      "Localidad": "CABA",
      "Teléfono": "+54 11 3616-0201",
      "Link directo a Google Maps": "https://www.google.com/maps/search/?api=1&query=Gasc%C3%B3n+226%2C+C1181+ACD%2C+Cdad.+Aut%C3%B3noma+de+Buenos+Aires"
    },
    {
      "Nombre": "Iluminación Sudamericana SRL",
      "Dirección": "Pedro Calderón de la Barca 1468, C1407 KQD, Cdad. Autónoma de Buenos Aires",
      "Localidad": "CABA",
      "Teléfono": "+54 11 4567-0537",
      "Link directo a Google Maps": "https://www.google.com/maps/search/?api=1&query=Pedro+Calder%C3%B3n+de+la+Barca+1468%2C+C1407+KQD%2C+Cdad.+Aut%C3%B3noma+de+Buenos+Aires"
    },
    {
      "Nombre": "Iluminacion Revegler",
      "Dirección": "Cuenca 2699, C1417 AAI, Cdad. Autónoma de Buenos Aires",
      "Localidad": "CABA",
      "Teléfono": "+54 11 4502-6028",
      "Link directo a Google Maps": "https://www.google.com/maps/search/?api=1&query=Cuenca+2699%2C+C1417+AAI%2C+Cdad.+Aut%C3%B3noma+de+Buenos+Aires"
    },
    {
      "Nombre": "Ilumina-Dos",
      "Dirección": "Av. Forest 1194, C1427 CEV, Cdad. Autónoma de Buenos Aires",
      "Localidad": "CABA",
      "Teléfono": "+54 11 2199-2015",
      "Link directo a Google Maps": "https://www.google.com/maps/search/?api=1&query=Av.+Forest+1194%2C+C1427+CEV%2C+Cdad.+Aut%C3%B3noma+de+Buenos+Aires"
    },
    {
      "Nombre": "Bazar de Luces",
      "Dirección": "Av. Larrazábal 1487, C1440 CUG, Cdad. Autónoma de Buenos Aires",
      "Localidad": "CABA",
      "Teléfono": "+54 11 6190-0505",
      "Link directo a Google Maps": "https://www.google.com/maps/search/?api=1&query=Av.+Larraz%C3%A1bal+1487%2C+C1440+CUG%2C+Cdad.+Aut%C3%B3noma+de+Buenos+Aires"
    }
  ],
  "CATAMARCA": [
    {
      "Nombre": "Lumicat",
      "Dirección": "Ayacucho 372, K4700 San Fer0do del Valle de Catamarca, Catamarca",
      "Localidad": "San Fer0do del Valle de Catamarca",
      "Teléfono": "+54 383 445-0160",
      "Link directo a Google Maps": "https://www.google.com/maps/search/?api=1&query=Ayacucho+372%2C+K4700+San+Fer0do+del+Valle+de+Catamarca%2C+Catamarca"
    },
    {
      "Nombre": "Lumicat",
      "Dirección": "Ayacucho 372, K4700 San Fer0do del Valle de Catamarca, Catamarca",
      "Localidad": "San Fer0do del Valle de Catamarca",
      "Teléfono": "+54 383 445-0160",
      "Link directo a Google Maps": "https://www.google.com/maps/search/?api=1&query=Ayacucho+372%2C+K4700+San+Fer0do+del+Valle+de+Catamarca%2C+Catamarca"
    }
  ],
  "CHACO": [
    {
      "Nombre": "Bellini Electricidad S.R.L.",
      "Dirección": "Av. 25 de Mayo 1033, H3500 Resistencia, Chaco",
      "Localidad": "Resistencia",
      "Teléfono": "+54 362 473-3779",
      "Link directo a Google Maps": "https://www.google.com/maps/search/?api=1&query=Av.+25+de+Mayo+1033%2C+H3500+Resistencia%2C+Chaco"
    },
    {
      "Nombre": "Quain",
      "Dirección": "Julio Argentino Roca 145, 3500, H3508 Resistencia, Chaco",
      "Localidad": "Resistencia",
      "Teléfono": "+54 362 417-9762",
      "Link directo a Google Maps": "https://www.google.com/maps/search/?api=1&query=Julio+Argentino+Roca+145%2C+3500%2C+H3508+Resistencia%2C+Chaco"
    },
    {
      "Nombre": "Casa Pastor",
      "Dirección": "San Martín 937, Centro, H3700BJS Sáenz Peña, Chaco",
      "Localidad": "BJS Sáenz Peña",
      "Teléfono": "+54 364 442-8341",
      "Link directo a Google Maps": "https://www.google.com/maps/search/?api=1&query=San+Mart%C3%ADn+937%2C+Centro%2C+H3700BJS+S%C3%A1enz+Pe%C3%B1a%2C+Chaco"
    }
  ],
  "CHUBUT": [
    {
      "Nombre": "Lautrec Iluminación SRL",
      "Dirección": "28 de Julio 440, U9120 Puerto Madryn, Chubut",
      "Localidad": "Puerto Madryn",
      "Teléfono": "+54 280 445-2272",
      "Link directo a Google Maps": "https://www.google.com/maps/search/?api=1&query=28+de+Julio+440%2C+U9120+Puerto+Madryn%2C+Chubut"
    }
  ],
  "CORDOBA": [
    {
      "Nombre": "La candela",
      "Dirección": "Ruta 5 y, Cam. a las Minas, X5000 Anisacate, Córdoba",
      "Localidad": "Anisacate",
      "Teléfono": "+54 351 428-1517",
      "Link directo a Google Maps": "https://www.google.com/maps/search/?api=1&query=Ruta+5+y%2C+Cam.+a+las+Minas%2C+X5000+Anisacate%2C+C%C3%B3rdoba"
    },
    {
      "Nombre": "Luminotecnia",
      "Dirección": "Achával Rodríguez, Güemes 220, X5000 BKD, Córdoba",
      "Localidad": "CORDOBA",
      "Teléfono": "+54 351 460-2111",
      "Link directo a Google Maps": "https://www.google.com/maps/search/?api=1&query=Ach%C3%A1val+Rodr%C3%ADguez%2C+G%C3%BCemes+220%2C+X5000+BKD%2C+C%C3%B3rdoba"
    },
    {
      "Nombre": "ConstruLuz SA",
      "Dirección": "Rodríguez del Busto 2021, X5009 DXA, Córdoba",
      "Localidad": "CORDOBA",
      "Teléfono": "03514762228",
      "Link directo a Google Maps": "https://www.google.com/maps/search/?api=1&query=Rodr%C3%ADguez+del+Busto+2021%2C+X5009+DXA%2C+C%C3%B3rdoba"
    },
    {
      "Nombre": "Electro Carlos Paz",
      "Dirección": "Las Heras 53, X5152 Villa Carlos Paz, Córdoba",
      "Localidad": "Villa Carlos Paz",
      "Teléfono": "+54 3541 43-0648",
      "Link directo a Google Maps": "https://www.google.com/maps/search/?api=1&query=Las+Heras+53%2C+X5152+Villa+Carlos+Paz%2C+C%C3%B3rdoba"
    },
    {
      "Nombre": "Proelectrik",
      "Dirección": "Av. Ramón J. Cárcano 463, X5152 Villa Carlos Paz, Córdoba",
      "Localidad": "Villa Carlos Paz",
      "Teléfono": "+54 9 3541 66-1614",
      "Link directo a Google Maps": "https://www.google.com/maps/search/?api=1&query=Av.+Ram%C3%B3n+J.+C%C3%A1rcano+463%2C+X5152+Villa+Carlos+Paz%2C+C%C3%B3rdoba"
    },
    {
      "Nombre": "Electricidad Centro",
      "Dirección": "Centro, Av. Ramón J. Cárcano 418, X5152AAT Villa Carlos Paz, Córdoba",
      "Localidad": "AAT Villa Carlos Paz",
      "Teléfono": "+54 3541 43-9464",
      "Link directo a Google Maps": "https://www.google.com/maps/search/?api=1&query=Centro%2C+Av.+Ram%C3%B3n+J.+C%C3%A1rcano+418%2C+X5152AAT+Villa+Carlos+Paz%2C+C%C3%B3rdoba"
    },
    {
      "Nombre": "GADE Electricidad",
      "Dirección": "Administración y Centro de Distribución, Ruta Nº9 km 746, X5223 Col. Caroya, Córdoba",
      "Localidad": "Col. Caroya",
      "Teléfono": "+54 3525 48-2012",
      "Link directo a Google Maps": "https://www.google.com/maps/search/?api=1&query=Administraci%C3%B3n+y+Centro+de+Distribuci%C3%B3n%2C+Ruta+N%C2%BA9+km+746%2C+X5223+Col.+Caroya%2C+C%C3%B3rdoba"
    },
    {
      "Nombre": "Ayuso Iluminación S.R.L",
      "Dirección": "Centro, Av. Amadeo Sabattini 1912, X5802DNN Río Cuarto, Córdoba",
      "Localidad": "DNN Río Cuarto",
      "Teléfono": "+54 358 428-7327",
      "Link directo a Google Maps": "https://www.google.com/maps/search/?api=1&query=Centro%2C+Av.+Amadeo+Sabattini+1912%2C+X5802DNN+R%C3%ADo+Cuarto%2C+C%C3%B3rdoba"
    },
    {
      "Nombre": "Lum&cor",
      "Dirección": "Av. Pablo Ricchieri 2638, X5000 Córdoba",
      "Localidad": "CORDOBA",
      "Teléfono": "+54 351 215-0785",
      "Link directo a Google Maps": "https://www.google.com/maps/search/?api=1&query=Av.+Pablo+Ricchieri+2638%2C+X5000+C%C3%B3rdoba"
    },
    {
      "Nombre": "Due",
      "Dirección": "Fray M Esqui� 48, C�rdoba, Cordoba, X5000 Córdoba",
      "Localidad": "CORDOBA",
      "Teléfono": "+54 351 424-8641",
      "Link directo a Google Maps": "https://www.google.com/maps/search/?api=1&query=Fray+M+Esqui%EF%BF%BD+48%2C+C%EF%BF%BDrdoba%2C+Cordoba%2C+X5000+C%C3%B3rdoba"
    },
    {
      "Nombre": "Peusso",
      "Dirección": "Ibarbálz 955, X5000 Córdoba",
      "Localidad": "CORDOBA",
      "Teléfono": "+54 351 420-4200",
      "Link directo a Google Maps": "https://www.google.com/maps/search/?api=1&query=Ibarb%C3%A1lz+955%2C+X5000+C%C3%B3rdoba"
    },
    {
      "Nombre": "Electro Alem",
      "Dirección": "Libertad 190, X5000 Córdoba",
      "Localidad": "CORDOBA",
      "Teléfono": "+54 9 351 688-0713",
      "Link directo a Google Maps": "https://www.google.com/maps/search/?api=1&query=Libertad+190%2C+X5000+C%C3%B3rdoba"
    },
    {
      "Nombre": "Feyro",
      "Dirección": "Catamarca 262, X5000EUE Córdoba",
      "Localidad": "CORDOBA",
      "Teléfono": "+54 351 425-7595",
      "Link directo a Google Maps": "https://www.google.com/maps/search/?api=1&query=Catamarca+262%2C+X5000EUE+C%C3%B3rdoba"
    },
    {
      "Nombre": "Tangente Group S.A",
      "Dirección": "Gral. Alvear 820, X5000ILR Córdoba",
      "Localidad": "CORDOBA",
      "Teléfono": "+54 9 351 624-1370",
      "Link directo a Google Maps": "https://www.google.com/maps/search/?api=1&query=Gral.+Alvear+820%2C+X5000ILR+C%C3%B3rdoba"
    },
    {
      "Nombre": "Casa Rayo",
      "Dirección": "Rivadavia 314, X5000IPH Córdoba",
      "Localidad": "CORDOBA",
      "Teléfono": "+54 351 421-5309",
      "Link directo a Google Maps": "https://www.google.com/maps/search/?api=1&query=Rivadavia+314%2C+X5000IPH+C%C3%B3rdoba"
    },
    {
      "Nombre": "Maestre Iluminacion",
      "Dirección": "Deán Funes 2700, X5003CVV Córdoba",
      "Localidad": "CORDOBA",
      "Teléfono": "+54 351 487-1454",
      "Link directo a Google Maps": "https://www.google.com/maps/search/?api=1&query=De%C3%A1n+Funes+2700%2C+X5003CVV+C%C3%B3rdoba"
    },
    {
      "Nombre": "Light Centro de Iluminacion",
      "Dirección": "Octavio Pinto 3185, X5008HNA Córdoba",
      "Localidad": "CORDOBA",
      "Teléfono": "+54 351 481-8574",
      "Link directo a Google Maps": "https://www.google.com/maps/search/?api=1&query=Octavio+Pinto+3185%2C+X5008HNA+C%C3%B3rdoba"
    }
  ],
  "CORRIENTES": [
    {
      "Nombre": "La Luceria Iluminaci�n Y Muebles",
      "Dirección": "Av. 3 de Abril 686, W3400 Corrientes",
      "Localidad": "Corrientes",
      "Teléfono": "+54 379 410-9431",
      "Link directo a Google Maps": "https://www.google.com/maps/search/?api=1&query=Av.+3+de+Abril+686%2C+W3400+Corrientes"
    },
    {
      "Nombre": "Brunel Electricidad S.A.",
      "Dirección": "España 1230, W3400 Corrientes",
      "Localidad": "Corrientes",
      "Teléfono": "+54 379 443-3285",
      "Link directo a Google Maps": "https://www.google.com/maps/search/?api=1&query=Espa%C3%B1a+1230%2C+W3400+Corrientes"
    },
    {
      "Nombre": "Electro Junín S.R.L.",
      "Dirección": "Av. 3 de Abril 633, W3400AIG Corrientes",
      "Localidad": "Corrientes",
      "Teléfono": "+54 379 442-904",
      "Link directo a Google Maps": "https://www.google.com/maps/search/?api=1&query=Av.+3+de+Abril+633%2C+W3400AIG+Corrientes"
    }
  ],
  "GBA NORTE": [
    {
      "Nombre": "LEDivery Iluminacion",
      "Dirección": "Sta. María 868, B1602 Florida, Provincia de Buenos Aires",
      "Localidad": "Florida",
      "Teléfono": "+54 11 4022-6064",
      "Link directo a Google Maps": "https://www.google.com/maps/search/?api=1&query=Sta.+Mar%C3%ADa+868%2C+B1602+Florida%2C+Provincia+de+Buenos+Aires"
    },
    {
      "Nombre": "Kaiser LED",
      "Dirección": "Pres. Hipólito Yrigoyen 1935, B1602 Florida, Provincia de Buenos Aires",
      "Localidad": "Florida",
      "Teléfono": "+54 11 7712-0708",
      "Link directo a Google Maps": "https://www.google.com/maps/search/?api=1&query=Pres.+Hip%C3%B3lito+Yrigoyen+1935%2C+B1602+Florida%2C+Provincia+de+Buenos+Aires"
    },
    {
      "Nombre": "Dinámica Energy",
      "Dirección": "Virrey Olaguer y Feliú 4936, B1605 Munro, Provincia de Buenos Aires",
      "Localidad": "MUNRO",
      "Teléfono": "+54 11 5290-0245",
      "Link directo a Google Maps": "https://www.google.com/maps/search/?api=1&query=Virrey+Olaguer+y+Feli%C3%BA+4936%2C+B1605+Munro%2C+Provincia+de+Buenos+Aires"
    },
    {
      "Nombre": "Vetroluce Iluminacion",
      "Dirección": "Av. Bartolomé Mitre 2058, B1605BTO Munro, Provincia de Buenos Aires",
      "Localidad": "MUNRO",
      "Teléfono": 0,
      "Link directo a Google Maps": "https://www.google.com/maps/search/?api=1&query=Av.+Bartolom%C3%A9+Mitre+2058%2C+B1605BTO+Munro%2C+Provincia+de+Buenos+Aires"
    },
    {
      "Nombre": "Omniluz",
      "Dirección": "Av. Fondo de la Legua 501, B1609 San Isidro, Provincia de Buenos Aires",
      "Localidad": "San Isidro",
      "Teléfono": "+54 11 4765-8238",
      "Link directo a Google Maps": "https://www.google.com/maps/search/?api=1&query=Av.+Fondo+de+la+Legua+501%2C+B1609+San+Isidro%2C+Provincia+de+Buenos+Aires"
    },
    {
      "Nombre": "Siluz Pacheco",
      "Dirección": "B1617CEU, Boulogne Sur Mer 909, B1617CES Gral. Pacheco, Provincia de Buenos Aires",
      "Localidad": "CES Gral. Pacheco",
      "Teléfono": "+54 11 3022-8939",
      "Link directo a Google Maps": "https://www.google.com/maps/search/?api=1&query=B1617CEU%2C+Boulogne+Sur+Mer+909%2C+B1617CES+Gral.+Pacheco%2C+Provincia+de+Buenos+Aires"
    },
    {
      "Nombre": "Electro Luce",
      "Dirección": "Av. Sta. María de las Conchas 2402, B1624BPS Tigre, Provincia de Buenos Aires",
      "Localidad": "BPS Tigre",
      "Teléfono": "+54 11 7733-7876",
      "Link directo a Google Maps": "https://www.google.com/maps/search/?api=1&query=Av.+Sta.+Mar%C3%ADa+de+las+Conchas+2402%2C+B1624BPS+Tigre%2C+Provincia+de+Buenos+Aires"
    },
    {
      "Nombre": "Electropelba",
      "Dirección": "Av. 12 de Octubre 10367, B1629MYA Pilar, Provincia de Buenos Aires",
      "Localidad": "MYA Pilar",
      "Teléfono": "+54 11 4103-5500",
      "Link directo a Google Maps": "https://www.google.com/maps/search/?api=1&query=Av.+12+de+Octubre+10367%2C+B1629MYA+Pilar%2C+Provincia+de+Buenos+Aires"
    },
    {
      "Nombre": "ISSA Pelba SA",
      "Dirección": "Panamericana Km 55, B1629MYA Pilar, Provincia de Buenos Aires",
      "Localidad": "MYA Pilar",
      "Teléfono": "+54 11 4103-5585",
      "Link directo a Google Maps": "https://www.google.com/maps/search/?api=1&query=Panamericana+Km+55%2C+B1629MYA+Pilar%2C+Provincia+de+Buenos+Aires"
    },
    {
      "Nombre": "LUMISHOP iluminación",
      "Dirección": "Av. Sta Fe 1056, B1641ABP San Isidro, Provincia de Buenos Aires",
      "Localidad": "ABP San Isidro",
      "Teléfono": "+54 11 4798-0775",
      "Link directo a Google Maps": "https://www.google.com/maps/search/?api=1&query=Av.+Sta+Fe+1056%2C+B1641ABP+San+Isidro%2C+Provincia+de+Buenos+Aires"
    },
    {
      "Nombre": "San Isidro Luz",
      "Dirección": "CAO, Av. Centenario 136, B1642 San Isidro, Provincia de Buenos Aires",
      "Localidad": "San Isidro",
      "Teléfono": "+54 11 2452-7169",
      "Link directo a Google Maps": "https://www.google.com/maps/search/?api=1&query=CAO%2C+Av.+Centenario+136%2C+B1642+San+Isidro%2C+Provincia+de+Buenos+Aires"
    },
    {
      "Nombre": "DÍAZ ILUMINACIÓN",
      "Dirección": "DAG, Av. Pres. Perón 1901, B1646 San Fer0do, Provincia de Buenos Aires",
      "Localidad": "San Fer0do",
      "Teléfono": "+54 11 4746-7880",
      "Link directo a Google Maps": "https://www.google.com/maps/search/?api=1&query=DAG%2C+Av.+Pres.+Per%C3%B3n+1901%2C+B1646+San+Fer0do%2C+Provincia+de+Buenos+Aires"
    },
    {
      "Nombre": "Electrica Tigre",
      "Dirección": "Av. Italia 1499, B1648EFB Buenos Aires, Provincia de Buenos Aires",
      "Localidad": "TIGRE",
      "Teléfono": "+54 11 4731-1295",
      "Link directo a Google Maps": "https://www.google.com/maps/search/?api=1&query=Av.+Italia+1499%2C+B1648EFB+Buenos+Aires%2C+Provincia+de+Buenos+Aires"
    },
    {
      "Nombre": "Iluminación greco",
      "Dirección": "Buenos Aires AR, Lacroze 5001, B1653 BFI, Provincia de Buenos Aires",
      "Localidad": "Villa Ballester",
      "Teléfono": 0,
      "Link directo a Google Maps": "https://www.google.com/maps/search/?api=1&query=Buenos+Aires+AR%2C+Lacroze+5001%2C+B1653+BFI%2C+Provincia+de+Buenos+Aires"
    },
    {
      "Nombre": "Iluminacion Center",
      "Dirección": "Avenida 12 de Octubre, Colectora Este Ramal Pilar 2585, B1667DCK Del Viso, Provincia de Buenos Aires",
      "Localidad": "Del Viso",
      "Teléfono": "+54 2320 40-6309",
      "Link directo a Google Maps": "https://www.google.com/maps/search/?api=1&query=Avenida+12+de+Octubre%2C+Colectora+Este+Ramal+Pilar+2585%2C+B1667DCK+Del+Viso%2C+Provincia+de+Buenos+Aires"
    },
    {
      "Nombre": "Iluminatti iluminación Decorativa de Calidad",
      "Dirección": "Colectora Este Ramal Pilar 2943, B1669 Manuel Alberti, Provincia de Buenos Aires",
      "Localidad": "Pilar",
      "Teléfono": 0,
      "Link directo a Google Maps": "https://www.google.com/maps/search/?api=1&query=Colectora+Este+Ramal+Pilar+2943%2C+B1669+Manuel+Alberti%2C+Provincia+de+Buenos+Aires"
    }
  ],
  "GBA OESTE": [
    {
      "Nombre": "Pronto Eléctrica",
      "Dirección": "Cap. Claudio Rosales 917, B1684 El Palomar, Provincia de Buenos Aires",
      "Localidad": "El Palomar",
      "Teléfono": "+54 11 5293-4539",
      "Link directo a Google Maps": "https://www.google.com/maps/search/?api=1&query=Cap.+Claudio+Rosales+917%2C+B1684+El+Palomar%2C+Provincia+de+Buenos+Aires"
    },
    {
      "Nombre": "PRODUCTOS LED HURLINGHAM",
      "Dirección": "Gral. Toribio de Luzuriaga 809, B1686 Hurlingham, Provincia de Buenos Aires",
      "Localidad": "Hurlingham",
      "Teléfono": "+54 11 3062-2199",
      "Link directo a Google Maps": "https://www.google.com/maps/search/?api=1&query=Gral.+Toribio+de+Luzuriaga+809%2C+B1686+Hurlingham%2C+Provincia+de+Buenos+Aires"
    },
    {
      "Nombre": "Aura Iluminación - Sodacris S. A.",
      "Dirección": "Av. Gaona 3993, B1702API Ciudadela, Provincia de Buenos Aires",
      "Localidad": "API Ciudadela",
      "Teléfono": "+54 11 5452-3429",
      "Link directo a Google Maps": "https://www.google.com/maps/search/?api=1&query=Av.+Gaona+3993%2C+B1702API+Ciudadela%2C+Provincia+de+Buenos+Aires"
    },
    {
      "Nombre": "Eléctrica Vergara",
      "Dirección": "Blvd. Juan Manuel de Rosas 497, B1708 Morón, Provincia de Buenos Aires",
      "Localidad": "Morón",
      "Teléfono": "+54 11 4483-2533",
      "Link directo a Google Maps": "https://www.google.com/maps/search/?api=1&query=Blvd.+Juan+Manuel+de+Rosas+497%2C+B1708+Mor%C3%B3n%2C+Provincia+de+Buenos+Aires"
    },
    {
      "Nombre": "Ilumi0do",
      "Dirección": "Farrel, Colectora Sur Acceso Oeste 6696, B1714 Ituzaingó, Provincia de Buenos Aires",
      "Localidad": "Ituzaingó",
      "Teléfono": "+54 11 4458-1390",
      "Link directo a Google Maps": "https://www.google.com/maps/search/?api=1&query=Farrel%2C+Colectora+Sur+Acceso+Oeste+6696%2C+B1714+Ituzaing%C3%B3%2C+Provincia+de+Buenos+Aires"
    },
    {
      "Nombre": "Led Moron",
      "Dirección": "Sta. Rosa 2194, B1714 Ituzaingó, Provincia de Buenos Aires",
      "Localidad": "Ituzaingó",
      "Teléfono": "+54 11 2350-0847",
      "Link directo a Google Maps": "https://www.google.com/maps/search/?api=1&query=Sta.+Rosa+2194%2C+B1714+Ituzaing%C3%B3%2C+Provincia+de+Buenos+Aires"
    },
    {
      "Nombre": "La Eléctrica CRB",
      "Dirección": "Eugenio Cambaceres 1721, B1744 La Reja, Provincia de Buenos Aires",
      "Localidad": "La Reja",
      "Teléfono": "+54 237 483-1221",
      "Link directo a Google Maps": "https://www.google.com/maps/search/?api=1&query=Eugenio+Cambaceres+1721%2C+B1744+La+Reja%2C+Provincia+de+Buenos+Aires"
    },
    {
      "Nombre": "Distribuidora Pampa Mat Electricos",
      "Dirección": "Primera Junta 1405, B1768 Villa Madero, Provincia de Buenos Aires",
      "Localidad": "Villa Madero",
      "Teléfono": "+54 20589305",
      "Link directo a Google Maps": "https://www.google.com/maps/search/?api=1&query=Primera+Junta+1405%2C+B1768+Villa+Madero%2C+Provincia+de+Buenos+Aires"
    },
    {
      "Nombre": "Electricidad Nogady's SRL (TAPIALES)",
      "Dirección": "Av. Boulogne Sur Mer 1033, B1770 Tapiales, Provincia de Buenos Aires",
      "Localidad": "Tapiales",
      "Teléfono": "+54 11 4622-7757",
      "Link directo a Google Maps": "https://www.google.com/maps/search/?api=1&query=Av.+Boulogne+Sur+Mer+1033%2C+B1770+Tapiales%2C+Provincia+de+Buenos+Aires"
    }
  ],
  "GBA SUR": [
    {
      "Nombre": "Strömled",
      "Dirección": "Giribone 909 - OF115 - Las Toscas Office, B1801 Canning, Provincia de Buenos Aires",
      "Localidad": "Canning",
      "Teléfono": "+54 11 2122-7516",
      "Link directo a Google Maps": "https://www.google.com/maps/search/?api=1&query=Giribone+909+-+OF115+-+Las+Toscas+Office%2C+B1801+Canning%2C+Provincia+de+Buenos+Aires"
    },
    {
      "Nombre": "Materiales electricos NOGADY´S",
      "Dirección": "Mariano Castex 994, B1804 Canning, Provincia de Buenos Aires",
      "Localidad": "Canning",
      "Teléfono": "+54 9 11 3796-5844",
      "Link directo a Google Maps": "https://www.google.com/maps/search/?api=1&query=Mariano+Castex+994%2C+B1804+Canning%2C+Provincia+de+Buenos+Aires"
    },
    {
      "Nombre": "Luz Desing Lanús",
      "Dirección": "BVE, Av. Hipólito Yrigoyen 3301, B1824 Buenos Aires, Provincia de Buenos Aires",
      "Localidad": "Buenos Aires",
      "Teléfono": "+54 11 3331-6273",
      "Link directo a Google Maps": "https://www.google.com/maps/search/?api=1&query=BVE%2C+Av.+Hip%C3%B3lito+Yrigoyen+3301%2C+B1824+Buenos+Aires%2C+Provincia+de+Buenos+Aires"
    },
    {
      "Nombre": "Arteluz SRL",
      "Dirección": "Av. Hipólito Yrigoyen 5253, B1824ABI Gran Buenos Aires, Provincia de Buenos Aires",
      "Localidad": "Lanus",
      "Teléfono": 0,
      "Link directo a Google Maps": "https://www.google.com/maps/search/?api=1&query=Av.+Hip%C3%B3lito+Yrigoyen+5253%2C+B1824ABI+Gran+Buenos+Aires%2C+Provincia+de+Buenos+Aires"
    },
    {
      "Nombre": "EleCorp",
      "Dirección": "B1826DQY, Av. Hipólito Yrigoyen 5225, B1826DQY Remedios de Escalada, Provincia de Buenos Aires",
      "Localidad": "Remedios de Escalada",
      "Teléfono": "+54 9 11 2375-1852",
      "Link directo a Google Maps": "https://www.google.com/maps/search/?api=1&query=B1826DQY%2C+Av.+Hip%C3%B3lito+Yrigoyen+5225%2C+B1826DQY+Remedios+de+Escalada%2C+Provincia+de+Buenos+Aires"
    },
    {
      "Nombre": "Electro XXIII",
      "Dirección": "Av. Juan XXIII 502, B1832 Lomas de Zamora, Provincia de Buenos Aires",
      "Localidad": "Lomas de Zamora",
      "Teléfono": "+54 11 4282-3759",
      "Link directo a Google Maps": "https://www.google.com/maps/search/?api=1&query=Av.+Juan+XXIII+502%2C+B1832+Lomas+de+Zamora%2C+Provincia+de+Buenos+Aires"
    },
    {
      "Nombre": "Tofema Sa",
      "Dirección": "Av. Hipólito Yrigoyen 9655, B1832 Lomas de Zamora, Provincia de Buenos Aires",
      "Localidad": "Lomas de Zamora",
      "Teléfono": "+54 11 4243-1176",
      "Link directo a Google Maps": "https://www.google.com/maps/search/?api=1&query=Av.+Hip%C3%B3lito+Yrigoyen+9655%2C+B1832+Lomas+de+Zamora%2C+Provincia+de+Buenos+Aires"
    },
    {
      "Nombre": "Anilem Iluminación",
      "Dirección": "Eduardo Arana 989, B1842 Monte Grande, Provincia de Buenos Aires",
      "Localidad": "Monte Grande",
      "Teléfono": "+54 11 6088-8994",
      "Link directo a Google Maps": "https://www.google.com/maps/search/?api=1&query=Eduardo+Arana+989%2C+B1842+Monte+Grande%2C+Provincia+de+Buenos+Aires"
    },
    {
      "Nombre": "JL Insumos",
      "Dirección": "Cnel. Larrazabal 1190, B1869COD Gerli, Provincia de Buenos Aires",
      "Localidad": "Gerli",
      "Teléfono": "+54 11 4203-9683",
      "Link directo a Google Maps": "https://www.google.com/maps/search/?api=1&query=Cnel.+Larrazabal+1190%2C+B1869COD+Gerli%2C+Provincia+de+Buenos+Aires"
    },
    {
      "Nombre": "Brezzo Iluminación",
      "Dirección": "Av. Bartolomé Mitre 2671, B1872GFE Sarandí, Provincia de Buenos Aires",
      "Localidad": "Sarandí",
      "Teléfono": "+54 11 4204-7731",
      "Link directo a Google Maps": "https://www.google.com/maps/search/?api=1&query=Av.+Bartolom%C3%A9+Mitre+2671%2C+B1872GFE+Sarand%C3%AD%2C+Provincia+de+Buenos+Aires"
    }
  ],
  "MENDOZA": [
    {
      "Nombre": "Aspen Lumière",
      "Dirección": "Av. Colón 675, M5500 Mendoza",
      "Localidad": "MENDOZA",
      "Teléfono": "+54 261 423-6202",
      "Link directo a Google Maps": "https://www.google.com/maps/search/?api=1&query=Av.+Col%C3%B3n+675%2C+M5500+Mendoza"
    },
    {
      "Nombre": "PRISMA Iluminacion",
      "Dirección": "Lavalle 221, M5500 Mendoza",
      "Localidad": "MENDOZA",
      "Teléfono": "+54 261 423-1798",
      "Link directo a Google Maps": "https://www.google.com/maps/search/?api=1&query=Lavalle+221%2C+M5500+Mendoza"
    },
    {
      "Nombre": "FAS ELECTRICIDAD SA",
      "Dirección": "Av. Hipólito Yrigoyen 540, M5600 San Rafael, Mendoza",
      "Localidad": "San Rafael",
      "Teléfono": "+54 260 442-2024",
      "Link directo a Google Maps": "https://www.google.com/maps/search/?api=1&query=Av.+Hip%C3%B3lito+Yrigoyen+540%2C+M5600+San+Rafael%2C+Mendoza"
    },
    {
      "Nombre": "Sierra Electricidad E Iluminación",
      "Dirección": "Av. Hipólito Yrigoyen 532, M5600 San Rafael, Mendoza",
      "Localidad": "San Rafael",
      "Teléfono": 0,
      "Link directo a Google Maps": "https://www.google.com/maps/search/?api=1&query=Av.+Hip%C3%B3lito+Yrigoyen+532%2C+M5600+San+Rafael%2C+Mendoza"
    }
  ],
  "NEUQUEN": [
    {
      "Nombre": "Distribuidora Cordillerana",
      "Dirección": "Tte. Coronel Pérez 345, Q8370 San Martín de los Andes, Neuquén",
      "Localidad": "San Martín de los Andes",
      "Teléfono": "+54 2972 42-1310",
      "Link directo a Google Maps": "https://www.google.com/maps/search/?api=1&query=Tte.+Coronel+P%C3%A9rez+345%2C+Q8370+San+Mart%C3%ADn+de+los+Andes%2C+Neuqu%C3%A9n"
    },
    {
      "Nombre": "Electroluz",
      "Dirección": "Independencia 501, Q8302 Neuquén",
      "Localidad": "Neuquen",
      "Teléfono": "+54 299 622-7549",
      "Link directo a Google Maps": "https://www.google.com/maps/search/?api=1&query=Independencia+501%2C+Q8302+Neuqu%C3%A9n"
    }
  ],
  "RIO NEGRO": [
    {
      "Nombre": "CABLERA DEL COMAHUE",
      "Dirección": "8324, Presbitero J. M. Brentana 357, R8324 Cipolletti, Río Negro",
      "Localidad": "Cipolletti",
      "Teléfono": "+54 299 477-1554",
      "Link directo a Google Maps": "https://www.google.com/maps/search/?api=1&query=8324%2C+Presbitero+J.+M.+Brentana+357%2C+R8324+Cipolletti%2C+R%C3%ADo+Negro"
    },
    {
      "Nombre": "Todoluz S.A.",
      "Dirección": "Av. Gral. Julio Argentino Roca 398, R8332 Gral. Roca, Río Negro",
      "Localidad": "Gral. Roca",
      "Teléfono": "+54 298 457-1232",
      "Link directo a Google Maps": "https://www.google.com/maps/search/?api=1&query=Av.+Gral.+Julio+Argentino+Roca+398%2C+R8332+Gral.+Roca%2C+R%C3%ADo+Negro"
    }
  ],
  "SALTA": [
    {
      "Nombre": "Crystal Iluminación",
      "Dirección": "Av. Jujuy 542, A4400 Salta",
      "Localidad": "SALTA",
      "Teléfono": "+54 387 459-5041",
      "Link directo a Google Maps": "https://www.google.com/maps/search/?api=1&query=Av.+Jujuy+542%2C+A4400+Salta"
    }
  ],
  "SAN JUAN": [
    {
      "Nombre": "Resi Srl Materiales Electricos",
      "Dirección": "1187, EKL, Av. Rioja Sur, J5402 San Juan",
      "Localidad": "SAN JUAN",
      "Teléfono": "+54 264 420-2084",
      "Link directo a Google Maps": "https://www.google.com/maps/search/?api=1&query=1187%2C+EKL%2C+Av.+Rioja+Sur%2C+J5402+San+Juan"
    }
  ],
  "SANTA FE": [
    {
      "Nombre": "Iluminar",
      "Dirección": "CJV, Av. San Martín 1302, S2000 Rosario, Provincia de Santa Fe",
      "Localidad": "Rosario",
      "Teléfono": "+54 341 424-5859",
      "Link directo a Google Maps": "https://www.google.com/maps/search/?api=1&query=CJV%2C+Av.+San+Mart%C3%ADn+1302%2C+S2000+Rosario%2C+Provincia+de+Santa+Fe"
    },
    {
      "Nombre": "ElectroAvenida",
      "Dirección": "Mendoza 2626, S2000 Rosario, Santa Fe",
      "Localidad": "Rosario",
      "Teléfono": "+54 341 612-1011",
      "Link directo a Google Maps": "https://www.google.com/maps/search/?api=1&query=Mendoza+2626%2C+S2000+Rosario%2C+Santa+Fe"
    },
    {
      "Nombre": "Iluminacion del Siglo",
      "Dirección": "ATU Rosario Santa Fe AR, Sta Fe 1479, S2000 Rosario, Santa Fe",
      "Localidad": "Rosario",
      "Teléfono": "+54 341 424-4900",
      "Link directo a Google Maps": "https://www.google.com/maps/search/?api=1&query=ATU+Rosario+Santa+Fe+AR%2C+Sta+Fe+1479%2C+S2000+Rosario%2C+Santa+Fe"
    },
    {
      "Nombre": "Ilumin.Ar",
      "Dirección": "San Luis 1591, S2000 Rosario, Santa Fe",
      "Localidad": "Rosario",
      "Teléfono": "+54 341 421-2379",
      "Link directo a Google Maps": "https://www.google.com/maps/search/?api=1&query=San+Luis+1591%2C+S2000+Rosario%2C+Santa+Fe"
    },
    {
      "Nombre": "Triluz iluminacion y electricidad",
      "Dirección": "Av. Ovidio Lagos 4585 D, S2000 Rosario, Santa Fe",
      "Localidad": "Rosario",
      "Teléfono": "+54 341 464-8669",
      "Link directo a Google Maps": "https://www.google.com/maps/search/?api=1&query=Av.+Ovidio+Lagos+4585+D%2C+S2000+Rosario%2C+Santa+Fe"
    },
    {
      "Nombre": "Click Electricidad S.A.",
      "Dirección": "DKS, Mariano Moreno 917, S2000 Rosario, Santa Fe",
      "Localidad": "Rosario",
      "Teléfono": "+54 341 440-4999",
      "Link directo a Google Maps": "https://www.google.com/maps/search/?api=1&query=DKS%2C+Mariano+Moreno+917%2C+S2000+Rosario%2C+Santa+Fe"
    },
    {
      "Nombre": "Eiffel Iluminación",
      "Dirección": "Mendoza 970, S2000BHT S2000HBT, Santa Fe",
      "Localidad": "BHT HBT",
      "Teléfono": "+54 341 421-0783",
      "Link directo a Google Maps": "https://www.google.com/maps/search/?api=1&query=Mendoza+970%2C+S2000BHT+S2000HBT%2C+Santa+Fe"
    },
    {
      "Nombre": "Alfa Iluminación",
      "Dirección": "Cafferata 1401, S2002QXM Rosario, Santa Fe",
      "Localidad": "Rosario",
      "Teléfono": "+54 341 439-2140",
      "Link directo a Google Maps": "https://www.google.com/maps/search/?api=1&query=Cafferata+1401%2C+S2002QXM+Rosario%2C+Santa+Fe"
    },
    {
      "Nombre": "AE AIMARO ELECTRICIDAD",
      "Dirección": "Oeste, Av. Eva Perón 7197, S2008BSC Rosario, Santa Fe",
      "Localidad": "Rosario",
      "Teléfono": "+54 341 456-4026",
      "Link directo a Google Maps": "https://www.google.com/maps/search/?api=1&query=Oeste%2C+Av.+Eva+Per%C3%B3n+7197%2C+S2008BSC+Rosario%2C+Santa+Fe"
    },
    {
      "Nombre": "Expoluces Iluminación.",
      "Dirección": "Av. Alberdi 676, S2013 Rosario, Santa Fe",
      "Localidad": "Rosario",
      "Teléfono": "+54 341 435-3464",
      "Link directo a Google Maps": "https://www.google.com/maps/search/?api=1&query=Av.+Alberdi+676%2C+S2013+Rosario%2C+Santa+Fe"
    },
    {
      "Nombre": "Mastrángelo Neored Productos Eléctricos",
      "Dirección": "Laprida 2436, S2124 Villa Gdor. Galvez, Santa Fe",
      "Localidad": "Villa Gdor. Galvez",
      "Teléfono": "+54 341 582-7275",
      "Link directo a Google Maps": "https://www.google.com/maps/search/?api=1&query=Laprida+2436%2C+S2124+Villa+Gdor.+Galvez%2C+Santa+Fe"
    },
    {
      "Nombre": "Baudracco Distribuidora SA",
      "Dirección": "Av. Marconi 531, S2600 Venado Tuerto, Santa Fe",
      "Localidad": "Venado Tuerto",
      "Teléfono": "+54 3462 43-5900",
      "Link directo a Google Maps": "https://www.google.com/maps/search/?api=1&query=Av.+Marconi+531%2C+S2600+Venado+Tuerto%2C+Santa+Fe"
    },
    {
      "Nombre": "Electricidad DER",
      "Dirección": "Av. Gral. Paz 4904, S3000 Santa Fe de la Vera Cruz, Santa Fe",
      "Localidad": "Santa Fe de la Vera Cruz",
      "Teléfono": "+54 342 455-9203",
      "Link directo a Google Maps": "https://www.google.com/maps/search/?api=1&query=Av.+Gral.+Paz+4904%2C+S3000+Santa+Fe+de+la+Vera+Cruz%2C+Santa+Fe"
    },
    {
      "Nombre": "Zottico Iluminación",
      "Dirección": "Av. López y Planes 3649 Oeste, S3002DNB Santa Fe de la Vera Cruz, Santa Fe",
      "Localidad": "Santa Fe de la Vera Cruz",
      "Teléfono": "+54 342 653-1082",
      "Link directo a Google Maps": "https://www.google.com/maps/search/?api=1&query=Av.+L%C3%B3pez+y+Planes+3649+Oeste%2C+S3002DNB+Santa+Fe+de+la+Vera+Cruz%2C+Santa+Fe"
    },
    {
      "Nombre": "SERGIO ZOTTICO ILUMINACIÓN",
      "Dirección": "Av. Aristóbulo del Valle 6620, S3004FSZ Santa Fe de la Vera Cruz, Santa Fe",
      "Localidad": "Santa Fe de la Vera Cruz",
      "Teléfono": "+54 342 460-2449",
      "Link directo a Google Maps": "https://www.google.com/maps/search/?api=1&query=Av.+Arist%C3%B3bulo+del+Valle+6620%2C+S3004FSZ+Santa+Fe+de+la+Vera+Cruz%2C+Santa+Fe"
    }
  ],
  "SANTIAGO DEL ESTERO": [
    {
      "Nombre": "Luz y Diseño",
      "Dirección": "3 de Febrero 67, G4200CQD Santiago del Estero",
      "Localidad": "3 de Febrero 67",
      "Teléfono": "+54 385 699-0134",
      "Link directo a Google Maps": "https://www.google.com/maps/search/?api=1&query=3+de+Febrero+67%2C+G4200CQD+Santiago+del+Estero"
    }
  ],
  "TUCUMAN": [
    {
      "Nombre": "STUMOL Iluminación",
      "Dirección": "Mariano Moreno, Los Ceibos esq, 4107 Yerba Buena, Tucumán",
      "Localidad": "Yerba Buena",
      "Teléfono": "+54 9 381 590-6607",
      "Link directo a Google Maps": "https://www.google.com/maps/search/?api=1&query=Mariano+Moreno%2C+Los+Ceibos+esq%2C+4107+Yerba+Buena%2C+Tucum%C3%A1n"
    },
    {
      "Nombre": "Electricidad Ituarte",
      "Dirección": "Santiago del Estero 1014, T4000 San Miguel de Tucumán, Tucumán",
      "Localidad": "San Miguel de Tucumán",
      "Teléfono": "+54 381 254-1457",
      "Link directo a Google Maps": "https://www.google.com/maps/search/?api=1&query=Santiago+del+Estero+1014%2C+T4000+San+Miguel+de+Tucum%C3%A1n%2C+Tucum%C3%A1n"
    },
    {
      "Nombre": "Mega",
      "Dirección": "Av. 24 de Septiembre 1352, T4000 San Miguel de Tucumán, Tucumán",
      "Localidad": "San Miguel de Tucumán",
      "Teléfono": "+54 381 424-2300",
      "Link directo a Google Maps": "https://www.google.com/maps/search/?api=1&query=Av.+24+de+Septiembre+1352%2C+T4000+San+Miguel+de+Tucum%C3%A1n%2C+Tucum%C3%A1n"
    },
    {
      "Nombre": "Prolux",
      "Dirección": "12 de Octubre 697, T4000JGM San Miguel de Tucumán, Tucumán",
      "Localidad": "JGM San Miguel de Tucumán",
      "Teléfono": "+54 381 616-8778",
      "Link directo a Google Maps": "https://www.google.com/maps/search/?api=1&query=12+de+Octubre+697%2C+T4000JGM+San+Miguel+de+Tucum%C3%A1n%2C+Tucum%C3%A1n"
    },
    {
      "Nombre": "BP SA",
      "Dirección": "General José, Gral. José de San Martín 1301, T4002 San Miguel de Tucumán, Tucumán",
      "Localidad": "San Miguel de Tucumán",
      "Teléfono": "03814224427",
      "Link directo a Google Maps": "https://www.google.com/maps/search/?api=1&query=General+Jos%C3%A9%2C+Gral.+Jos%C3%A9+de+San+Mart%C3%ADn+1301%2C+T4002+San+Miguel+de+Tucum%C3%A1n%2C+Tucum%C3%A1n"
    },
    {
      "Nombre": "Voltaje Materiales Electricos e Iluminacion",
      "Dirección": "EHV Yerba Buena Tucumán AR, Av. Solano Vera 598, T4107 Yerba Buena, Tucumán",
      "Localidad": "Yerba Buena",
      "Teléfono": "+54 381 351-9651",
      "Link directo a Google Maps": "https://www.google.com/maps/search/?api=1&query=EHV+Yerba+Buena+Tucum%C3%A1n+AR%2C+Av.+Solano+Vera+598%2C+T4107+Yerba+Buena%2C+Tucum%C3%A1n"
    },
    {
      "Nombre": "Dos Veinte Materiales Electricos",
      "Dirección": "Av. Aconquija 1914, T4107 Yerba Buena, Tucumán",
      "Localidad": "Yerba Buena",
      "Teléfono": "+54 381 232-2682",
      "Link directo a Google Maps": "https://www.google.com/maps/search/?api=1&query=Av.+Aconquija+1914%2C+T4107+Yerba+Buena%2C+Tucum%C3%A1n"
    },
    {
      "Nombre": "Electricidad Ituarte",
      "Dirección": "Gral. José de San Martín 721, T4146 Concepción, Tucumán",
      "Localidad": "Concepción",
      "Teléfono": "+54 3865 42-2946",
      "Link directo a Google Maps": "https://www.google.com/maps/search/?api=1&query=Gral.+Jos%C3%A9+de+San+Mart%C3%ADn+721%2C+T4146+Concepci%C3%B3n%2C+Tucum%C3%A1n"
    },
    {
      "Nombre": "Electricidad Ituarte",
      "Dirección": "Gral. José de San Martín 721, T4146 Concepción, Tucumán",
      "Localidad": "Concepción",
      "Teléfono": "+54 3865 42-2946",
      "Link directo a Google Maps": "https://www.google.com/maps/search/?api=1&query=Gral.+Jos%C3%A9+de+San+Mart%C3%ADn+721%2C+T4146+Concepci%C3%B3n%2C+Tucum%C3%A1n"
    }
  ]
}
